[
  {
      "name": "深圳",
      "value": [114.271522, 22.753644],
      "Sales": "2台",
      "text": "机器人1"
  },
  {
      "name": "南京",
      "value": [118.46, 32.02],
      "Sales": "2台",
      "text": "机器人1"
  },
  {
      "name": "重庆",
      "value": [106.54, 29.59],
      "Sales": "1台",
      "text": "机器人1"
  },
  {
      "name": "北京",
      "value": [116.24, 39.55],
      "Sales": "3台",
      "text": "机器人1"
  },
  {
      "name": "荆州",
      "value": [113.41, 29.59],
      "Sales": "2台",
      "text": "机器人1"
  }
]